"","sample_id","sample_name","dataset","database","acession_number","age","organism","organism_strain","organism_genotype","disease","disease_detail","exp_condition_1","exp_condition_2","exp_condition_3","tissue","tissue_region","tissue_detail","technology","library_technology","molecule"
"GSM5111192","GSM5111192","cervical_6","Alkaslasi2021","GEO","GSE167597","8w","Mus musculus","C57BL/6","Chat-iCre: +/wt; SUN1-SfGFP: +/wt","normal","normal",NA,NA,NA,"spinal cord","cervical",NA,"snRNAseq","10Xv3","mRNA"
"GSM5111193","GSM5111193","thoracic_3","Alkaslasi2021","GEO","GSE167597","8w","Mus musculus","C57BL/6","Chat-iCre: +/wt; SUN1-SfGFP: +/wt","normal","normal",NA,NA,NA,"spinal cord","thoracic",NA,"snRNAseq","10Xv3","mRNA"
"GSM5111194","GSM5111194","lumbar_9","Alkaslasi2021","GEO","GSE167597","8w","Mus musculus","C57BL/6","Chat-iCre: +/wt; SUN1-SfGFP: +/wt","normal","normal",NA,NA,NA,"spinal cord","lumbar",NA,"snRNAseq","10Xv3","mRNA"
"GSM5111195","GSM5111195","cervical_4","Alkaslasi2021","GEO","GSE167597","8w","Mus musculus","C57BL/6","Chat-iCre: +/wt; SUN1-SfGFP: +/wt","normal","normal",NA,NA,NA,"spinal cord","cervical",NA,"snRNAseq","10Xv3","mRNA"
"GSM5111196","GSM5111196","thoracic_1","Alkaslasi2021","GEO","GSE167597","8w","Mus musculus","C57BL/6","Chat-iCre: +/wt; SUN1-SfGFP: +/wt","normal","normal",NA,NA,NA,"spinal cord","thoracic",NA,"snRNAseq","10Xv3","mRNA"
"GSM5111197","GSM5111197","lumbar_7","Alkaslasi2021","GEO","GSE167597","8w","Mus musculus","C57BL/6","Chat-iCre: +/wt; SUN1-SfGFP: +/wt","normal","normal",NA,NA,NA,"spinal cord","lumbar",NA,"snRNAseq","10Xv3","mRNA"
"GSM5111198","GSM5111198","cervical_5","Alkaslasi2021","GEO","GSE167597","8w","Mus musculus","C57BL/6","Chat-iCre: +/wt; SUN1-SfGFP: +/wt","normal","normal",NA,NA,NA,"spinal cord","cervical",NA,"snRNAseq","10Xv3","mRNA"
"GSM5111199","GSM5111199","thoracic_2","Alkaslasi2021","GEO","GSE167597","8w","Mus musculus","C57BL/6","Chat-iCre: +/wt; SUN1-SfGFP: +/wt","normal","normal",NA,NA,NA,"spinal cord","thoracic",NA,"snRNAseq","10Xv3","mRNA"
"GSM5111200","GSM5111200","lumbar_8","Alkaslasi2021","GEO","GSE167597","8w","Mus musculus","C57BL/6","Chat-iCre: +/wt; SUN1-SfGFP: +/wt","normal","normal",NA,NA,NA,"spinal cord","lumbar",NA,"snRNAseq","10Xv3","mRNA"
"GSM4911289","GSM4911289","replicate1_male_female","Blum2021","GEO","GSE161621","8w","Mus musculus","C57BL/6","ChAT-IRES-Cre x ROSAnT-nG","normal","normal",NA,NA,NA,"spinal cord","whole",NA,"snRNAseq","10Xv3","mRNA"
"GSM4911290","GSM4911290","replicate2a_male_female","Blum2021","GEO","GSE161621","8w","Mus musculus","C57BL/6","ChAT-IRES-Cre x ROSAnT-nG","normal","normal",NA,NA,NA,"spinal cord","whole",NA,"snRNAseq","10Xv3","mRNA"
"GSM4911291","GSM4911291","replicate2b_male_female","Blum2021","GEO","GSE161621","8w","Mus musculus","C57BL/6","ChAT-IRES-Cre x ROSAnT-nG","normal","normal",NA,NA,NA,"spinal cord","whole",NA,"snRNAseq","10Xv3","mRNA"
"GSM4911292","GSM4911292","replicate3_female","Blum2021","GEO","GSE161621","8w","Mus musculus","C57BL/6","ChAT-IRES-Cre x ROSAnT-nG","normal","normal",NA,NA,NA,"spinal cord","whole",NA,"snRNAseq","10Xv3","mRNA"
"GSM4911293","GSM4911293","replicate4_male","Blum2021","GEO","GSE161621","8w","Mus musculus","C57BL/6","ChAT-IRES-Cre x ROSAnT-nG","normal","normal",NA,NA,NA,"spinal cord","whole",NA,"snRNAseq","10Xv3","mRNA"
"GSM4911294","GSM4911294","replicate5_female","Blum2021","GEO","GSE161621","8w","Mus musculus","C57BL/6","ChAT-IRES-Cre x ROSAnT-nG","normal","normal",NA,NA,NA,"spinal cord","whole",NA,"snRNAseq","10Xv3","mRNA"
"ERR2935126","ERR2935126","Sample 3","Delile2019","ENA","E-MTAB-7320","E10.5","Mus musculus","CD1","WT","normal","normal",NA,NA,NA,"spinal cord","cervical and thoracic",NA,"scRNAseq","10Xv2","mRNA"
"ERR2935127","ERR2935127","Sample 4","Delile2019","ENA","E-MTAB-7320","E10.5","Mus musculus","CD1","WT","normal","normal",NA,NA,NA,"spinal cord","cervical and thoracic",NA,"scRNAseq","10Xv2","mRNA"
"ERR2935128","ERR2935128","Sample 4","Delile2019","ENA","E-MTAB-7320","E10.5","Mus musculus","CD1","WT","normal","normal",NA,NA,NA,"spinal cord","cervical and thoracic",NA,"scRNAseq","10Xv2","mRNA"
"ERR2935129","ERR2935129","Sample 5","Delile2019","ENA","E-MTAB-7320","E11.5","Mus musculus","CD1","WT","normal","normal",NA,NA,NA,"spinal cord","cervical and thoracic",NA,"scRNAseq","10Xv2","mRNA"
"ERR2935130","ERR2935130","Sample 6","Delile2019","ENA","E-MTAB-7320","E11.5","Mus musculus","CD1","WT","normal","normal",NA,NA,NA,"spinal cord","cervical and thoracic",NA,"scRNAseq","10Xv2","mRNA"
"ERR2935131","ERR2935131","Sample 7","Delile2019","ENA","E-MTAB-7320","E12.5","Mus musculus","CD1","WT","normal","normal",NA,NA,NA,"spinal cord","cervical and thoracic",NA,"scRNAseq","10Xv2","mRNA"
"ERR2935132","ERR2935132","Sample 8","Delile2019","ENA","E-MTAB-7320","E12.5","Mus musculus","CD1","WT","normal","normal",NA,NA,NA,"spinal cord","cervical and thoracic",NA,"scRNAseq","10Xv2","mRNA"
"ERR2935133","ERR2935133","Sample 8","Delile2019","ENA","E-MTAB-7320","E12.5","Mus musculus","CD1","WT","normal","normal",NA,NA,NA,"spinal cord","cervical and thoracic",NA,"scRNAseq","10Xv2","mRNA"
"ERR2935134","ERR2935134","Sample 9","Delile2019","ENA","E-MTAB-7320","E12.5","Mus musculus","CD1","WT","normal","normal",NA,NA,NA,"spinal cord","cervical and thoracic",NA,"scRNAseq","10Xv2","mRNA"
"ERR2935135","ERR2935135","Sample 9","Delile2019","ENA","E-MTAB-7320","E12.5","Mus musculus","CD1","WT","normal","normal",NA,NA,NA,"spinal cord","cervical and thoracic",NA,"scRNAseq","10Xv2","mRNA"
"ERR2935136","ERR2935136","Sample 9","Delile2019","ENA","E-MTAB-7320","E12.5","Mus musculus","CD1","WT","normal","normal",NA,NA,NA,"spinal cord","cervical and thoracic",NA,"scRNAseq","10Xv2","mRNA"
"ERR2935137","ERR2935137","Sample 9","Delile2019","ENA","E-MTAB-7320","E12.5","Mus musculus","CD1","WT","normal","normal",NA,NA,NA,"spinal cord","cervical and thoracic",NA,"scRNAseq","10Xv2","mRNA"
"ERR2935116","ERR2935116","Sample 10","Delile2019","ENA","E-MTAB-7320","E13.5","Mus musculus","CD1","WT","normal","normal",NA,NA,NA,"spinal cord","cervical and thoracic",NA,"scRNAseq","10Xv2","mRNA"
"ERR2935117","ERR2935117","Sample 11","Delile2019","ENA","E-MTAB-7320","E13.5","Mus musculus","CD1","WT","normal","normal",NA,NA,NA,"spinal cord","cervical and thoracic",NA,"scRNAseq","10Xv2","mRNA"
"ERR2935118","ERR2935118","Sample 11","Delile2019","ENA","E-MTAB-7320","E13.5","Mus musculus","CD1","WT","normal","normal",NA,NA,NA,"spinal cord","cervical and thoracic",NA,"scRNAseq","10Xv2","mRNA"
"ERR2935119","ERR2935119","Sample 11","Delile2019","ENA","E-MTAB-7320","E13.5","Mus musculus","CD1","WT","normal","normal",NA,NA,NA,"spinal cord","cervical and thoracic",NA,"scRNAseq","10Xv2","mRNA"
"ERR2935120","ERR2935120","Sample 11","Delile2019","ENA","E-MTAB-7320","E13.5","Mus musculus","CD1","WT","normal","normal",NA,NA,NA,"spinal cord","cervical and thoracic",NA,"scRNAseq","10Xv2","mRNA"
"ERR2935121","ERR2935121","Sample 12","Delile2019","ENA","E-MTAB-7320","E13.5","Mus musculus","CD1","WT","normal","normal",NA,NA,NA,"spinal cord","cervical and thoracic",NA,"scRNAseq","10Xv2","mRNA"
"ERR2935122","ERR2935122","Sample 12","Delile2019","ENA","E-MTAB-7320","E13.5","Mus musculus","CD1","WT","normal","normal",NA,NA,NA,"spinal cord","cervical and thoracic",NA,"scRNAseq","10Xv2","mRNA"
"ERR2935123","ERR2935123","Sample 12","Delile2019","ENA","E-MTAB-7320","E13.5","Mus musculus","CD1","WT","normal","normal",NA,NA,NA,"spinal cord","cervical and thoracic",NA,"scRNAseq","10Xv2","mRNA"
"ERR2935124","ERR2935124","Sample 12","Delile2019","ENA","E-MTAB-7320","E13.5","Mus musculus","CD1","WT","normal","normal",NA,NA,NA,"spinal cord","cervical and thoracic",NA,"scRNAseq","10Xv2","mRNA"
"ERR2935115","ERR2935115","Sample 1","Delile2019","ENA","E-MTAB-7320","E9.5","Mus musculus","CD1","WT","normal","normal",NA,NA,NA,"spinal cord","cervical and thoracic",NA,"scRNAseq","10Xv2","mRNA"
"ERR2935125","ERR2935125","Sample 2","Delile2019","ENA","E-MTAB-7320","E9.5","Mus musculus","CD1","WT","normal","normal",NA,NA,NA,"spinal cord","cervical and thoracic",NA,"scRNAseq","10Xv2","mRNA"
"GSM4955359","GSM4955359","uninj_sample1","Milich2021","GEO","GSE162610","8w","Mus musculus","C57BL/6","WT","normal","normal",NA,NA,NA,"spinal cord","whole",NA,"scRNAseq","10Xv2","mRNA"
"GSM4955360","GSM4955360","uninj_sample2","Milich2021","GEO","GSE162610","8w","Mus musculus","C57BL/6","WT","normal","normal",NA,NA,NA,"spinal cord","whole",NA,"scRNAseq","10Xv2","mRNA"
"GSM4955361","GSM4955361","uninj_sample3","Milich2021","GEO","GSE162610","8w","Mus musculus","C57BL/6","WT","normal","normal",NA,NA,NA,"spinal cord","whole",NA,"scRNAseq","10Xv2","mRNA"
"GSM4955362","GSM4955362","1dpi_sample1","Milich2021","GEO","GSE162610","8w","Mus musculus","C57BL/6","WT","injured","1dpi",NA,NA,NA,"spinal cord","whole",NA,"scRNAseq","10Xv2","mRNA"
"GSM4955363","GSM4955363","1dpi_sample2","Milich2021","GEO","GSE162610","8w","Mus musculus","C57BL/6","WT","injured","1dpi",NA,NA,NA,"spinal cord","whole",NA,"scRNAseq","10Xv2","mRNA"
"GSM4955364","GSM4955364","1dpi_sample3","Milich2021","GEO","GSE162610","8w","Mus musculus","C57BL/6","WT","injured","1dpi",NA,NA,NA,"spinal cord","whole",NA,"scRNAseq","10Xv2","mRNA"
"GSM4955365","GSM4955365","3dpi_sample1","Milich2021","GEO","GSE162610","8w","Mus musculus","C57BL/6","WT","injured","3dpi",NA,NA,NA,"spinal cord","whole",NA,"scRNAseq","10Xv2","mRNA"
"GSM4955366","GSM4955366","3dpi_sample2","Milich2021","GEO","GSE162610","8w","Mus musculus","C57BL/6","WT","injured","3dpi",NA,NA,NA,"spinal cord","whole",NA,"scRNAseq","10Xv2","mRNA"
"GSM4955367","GSM4955367","7dpi_sample1","Milich2021","GEO","GSE162610","8w","Mus musculus","C57BL/6","WT","injured","7dpi",NA,NA,NA,"spinal cord","whole",NA,"scRNAseq","10Xv2","mRNA"
"GSM4955368","GSM4955368","7dpi_sample2","Milich2021","GEO","GSE162610","8w","Mus musculus","C57BL/6","WT","injured","7dpi",NA,NA,NA,"spinal cord","whole",NA,"scRNAseq","10Xv2","mRNA"
"GSM5236518","GSM5236518","human_CS12_spinalcord_rep1","Rayon2021","GEO","GSE171892","CS12","Homo sapiens","","","normal","normal",NA,NA,NA,"spinal cord","whole",NA,"scRNAseq","10Xv3","mRNA"
"GSM5236519","GSM5236519","human_CS12_spinalcord_rep2","Rayon2021","GEO","GSE171892","CS12","Homo sapiens","","","normal","normal",NA,NA,NA,"spinal cord","whole",NA,"scRNAseq","10Xv3","mRNA"
"GSM5236520","GSM5236520","human_CS14_brachial_rep1","Rayon2021","GEO","GSE171892","CS14","Homo sapiens","","","normal","normal",NA,NA,NA,"spinal cord","brachial spinal cord",NA,"scRNAseq","10Xv3","mRNA"
"GSM5236521","GSM5236521","human_CS14_thoracic_rep1","Rayon2021","GEO","GSE171892","CS14","Homo sapiens","","","normal","normal",NA,NA,NA,"spinal cord","thoracic spinal cord",NA,"scRNAseq","10Xv3","mRNA"
"GSM5236522","GSM5236522","human_CS17_brachial_rep1","Rayon2021","GEO","GSE171892","CS17","Homo sapiens","","","normal","normal",NA,NA,NA,"spinal cord","brachial spinal cord",NA,"scRNAseq","10Xv3","mRNA"
"GSM5236523","GSM5236523","human_CS17_brachial_rep2","Rayon2021","GEO","GSE171892","CS17","Homo sapiens","","","normal","normal",NA,NA,NA,"spinal cord","brachial spinal cord",NA,"scRNAseq","10Xv3","mRNA"
"GSM5236524","GSM5236524","human_CS17_thoracic_rep1","Rayon2021","GEO","GSE171892","CS17","Homo sapiens","","","normal","normal",NA,NA,NA,"spinal cord","thoracic spinal cord",NA,"scRNAseq","10Xv3","mRNA"
"GSM5236525","GSM5236525","human_CS17_thoracic_rep2","Rayon2021","GEO","GSE171892","CS17","Homo sapiens","","","normal","normal",NA,NA,NA,"spinal cord","thoracic spinal cord",NA,"scRNAseq","10Xv3","mRNA"
"GSM5236526","GSM5236526","human_CS19_brachial_rep1","Rayon2021","GEO","GSE171892","CS19","Homo sapiens","","","normal","normal",NA,NA,NA,"spinal cord","brachial spinal cord",NA,"scRNAseq","10Xv3","mRNA"
"GSM5236527","GSM5236527","human_CS19_brachial_rep2","Rayon2021","GEO","GSE171892","CS19","Homo sapiens","","","normal","normal",NA,NA,NA,"spinal cord","brachial spinal cord",NA,"scRNAseq","10Xv3","mRNA"
"GSM5236528","GSM5236528","human_CS19_thoracic_rep1","Rayon2021","GEO","GSE171892","CS19","Homo sapiens","","","normal","normal",NA,NA,NA,"spinal cord","thoracic spinal cord",NA,"scRNAseq","10Xv3","mRNA"
"GSM5236529","GSM5236529","human_CS19_thoracic_rep2","Rayon2021","GEO","GSE171892","CS19","Homo sapiens","","","normal","normal",NA,NA,NA,"spinal cord","thoracic spinal cord",NA,"scRNAseq","10Xv3","mRNA"
"GSM5236530","GSM5236530","mouse_E85_spinalcord_rep1","Rayon2021","GEO","GSE171892","E8.5","Mus musculus","CD1","WT","normal","normal",NA,NA,NA,"spinal cord","whole",NA,"scRNAseq","10Xv2","mRNA"
"GSM5236531","GSM5236531","mouse_E85_spinalcord_rep2","Rayon2021","GEO","GSE171892","E8.5","Mus musculus","CD1","WT","normal","normal",NA,NA,NA,"spinal cord","whole",NA,"scRNAseq","10Xv2","mRNA"
"GSM3017261.P11brain","GSM3017261.P11brain","150000_CNS_nuclei_P11_brain","Rosenberg2018","GEO","GSE110823","P11","Mus musculus","C57BL/6 x DBA/2","WT","normal","normal",NA,NA,NA,"brain","whole",NA,"snRNAseq","SPLiT-seq","mRNA"
"GSM3017261.P11spine","GSM3017261.P11spine","150000_CNS_nuclei_P11_spinal cord","Rosenberg2018","GEO","GSE110823","P11","Mus musculus","C57BL/6 x DBA/2","WT","normal","normal",NA,NA,NA,"spinal cord","whole",NA,"snRNAseq","SPLiT-seq","mRNA"
"GSM3017261.P02brain","GSM3017261.P02brain","150000_CNS_nuclei_P02_brain","Rosenberg2018","GEO","GSE110823","P02","Mus musculus","C57BL/6 x DBA/2","WT","normal","normal",NA,NA,NA,"brain","whole",NA,"snRNAseq","SPLiT-seq","mRNA"
"GSM3017261.P02spine","GSM3017261.P02spine","150000_CNS_nuclei_P02_spinal cord","Rosenberg2018","GEO","GSE110823","P02","Mus musculus","C57BL/6 x DBA/2","WT","normal","normal",NA,NA,NA,"spinal cord","whole",NA,"snRNAseq","SPLiT-seq","mRNA"
"GSM2785675","GSM2785675","f1","Sathyamurthy2018","GEO","GSE103892","8w","Mus musculus","CD1","WT","normal","normal","Control",NA,NA,"spinal cord","whole",NA,"scRNAseq","Drop-Seq","mRNA"
"GSM2785676","GSM2785676","m1","Sathyamurthy2018","GEO","GSE103892","8w","Mus musculus","CD1","WT","normal","normal","Control",NA,NA,"spinal cord","whole",NA,"scRNAseq","Drop-Seq","mRNA"
"GSM2785677","GSM2785677","M4","Sathyamurthy2018","GEO","GSE103892","8w","Mus musculus","CD1","WT","normal","normal","Control",NA,NA,"spinal cord","whole",NA,"scRNAseq","Drop-Seq","mRNA"
"GSM2785678","GSM2785678","M5","Sathyamurthy2018","GEO","GSE103892","8w","Mus musculus","CD1","WT","normal","normal","Control",NA,NA,"spinal cord","whole",NA,"scRNAseq","Drop-Seq","mRNA"
"GSM2785679","GSM2785679","F3","Sathyamurthy2018","GEO","GSE103892","8w","Mus musculus","CD1","WT","normal","normal","Control",NA,NA,"spinal cord","whole",NA,"scRNAseq","Drop-Seq","mRNA"
"GSM2785680","GSM2785680","F4","Sathyamurthy2018","GEO","GSE103892","8w","Mus musculus","CD1","WT","normal","normal","Control",NA,NA,"spinal cord","whole",NA,"scRNAseq","Drop-Seq","mRNA"
"GSM2785681","GSM2785681","form1","Sathyamurthy2018","GEO","GSE103892","8w","Mus musculus","CD1","WT","normal","normal","formalin-administered",NA,NA,"spinal cord","whole",NA,"scRNAseq","Drop-Seq","mRNA"
"GSM2785682","GSM2785682","form2","Sathyamurthy2018","GEO","GSE103892","8w","Mus musculus","CD1","WT","normal","normal","formalin-administered",NA,NA,"spinal cord","whole",NA,"scRNAseq","Drop-Seq","mRNA"
"GSM2785683","GSM2785683","form3","Sathyamurthy2018","GEO","GSE103892","8w","Mus musculus","CD1","WT","normal","normal","formalin-administered",NA,NA,"spinal cord","whole",NA,"scRNAseq","Drop-Seq","mRNA"
"GSM2785684","GSM2785684","form4","Sathyamurthy2018","GEO","GSE103892","8w","Mus musculus","CD1","WT","normal","normal","formalin-administered",NA,NA,"spinal cord","whole",NA,"scRNAseq","Drop-Seq","mRNA"
"GSM2785685","GSM2785685","form5","Sathyamurthy2018","GEO","GSE103892","8w","Mus musculus","CD1","WT","normal","normal","formalin-administered",NA,NA,"spinal cord","whole",NA,"scRNAseq","Drop-Seq","mRNA"
"GSM2785686","GSM2785686","form6","Sathyamurthy2018","GEO","GSE103892","8w","Mus musculus","CD1","WT","normal","normal","formalin-administered",NA,NA,"spinal cord","whole",NA,"scRNAseq","Drop-Seq","mRNA"
"GSM2785687","GSM2785687","form7","Sathyamurthy2018","GEO","GSE103892","8w","Mus musculus","CD1","WT","normal","normal","formalin-administered",NA,NA,"spinal cord","whole",NA,"scRNAseq","Drop-Seq","mRNA"
"GSM2785688","GSM2785688","form8","Sathyamurthy2018","GEO","GSE103892","8w","Mus musculus","CD1","WT","normal","normal","formalin-administered",NA,NA,"spinal cord","whole",NA,"scRNAseq","Drop-Seq","mRNA"
"GSM2785689","GSM2785689","form9","Sathyamurthy2018","GEO","GSE103892","8w","Mus musculus","CD1","WT","normal","normal","formalin-administered",NA,NA,"spinal cord","whole",NA,"scRNAseq","Drop-Seq","mRNA"
"GSM2785690","GSM2785690","form10","Sathyamurthy2018","GEO","GSE103892","8w","Mus musculus","CD1","WT","normal","normal","formalin-administered",NA,NA,"spinal cord","whole",NA,"scRNAseq","Drop-Seq","mRNA"
"GSM2785691","GSM2785691","rotarod1","Sathyamurthy2018","GEO","GSE103892","8w","Mus musculus","CD1","WT","normal","normal","rotarod-challenged",NA,NA,"spinal cord","whole",NA,"scRNAseq","Drop-Seq","mRNA"
"GSM2785692","GSM2785692","rotarod2","Sathyamurthy2018","GEO","GSE103892","8w","Mus musculus","CD1","WT","normal","normal","rotarod-challenged",NA,NA,"spinal cord","whole",NA,"scRNAseq","Drop-Seq","mRNA"
"GSM2785693","GSM2785693","rotarod3","Sathyamurthy2018","GEO","GSE103892","8w","Mus musculus","CD1","WT","normal","normal","rotarod-challenged",NA,NA,"spinal cord","whole",NA,"scRNAseq","Drop-Seq","mRNA"
"GSM2785694","GSM2785694","rotarod4","Sathyamurthy2018","GEO","GSE103892","8w","Mus musculus","CD1","WT","normal","normal","rotarod-challenged",NA,NA,"spinal cord","whole",NA,"scRNAseq","Drop-Seq","mRNA"
"GSM2785695","GSM2785695","rotarod5","Sathyamurthy2018","GEO","GSE103892","8w","Mus musculus","CD1","WT","normal","normal","rotarod-challenged",NA,NA,"spinal cord","whole",NA,"scRNAseq","Drop-Seq","mRNA"
"GSM2943542","GSM2943542","facx","Sathyamurthy2018","GEO","GSE103892","8w","Mus musculus","CD1","WT","normal","normal","Control",NA,NA,"spinal cord","whole",NA,"scRNAseq","Drop-Seq","mRNA"
"GSM2943543","GSM2943543","fbcx","Sathyamurthy2018","GEO","GSE103892","8w","Mus musculus","CD1","WT","normal","normal","Control",NA,NA,"spinal cord","whole",NA,"scRNAseq","Drop-Seq","mRNA"
"GSM2943544","GSM2943544","Macx","Sathyamurthy2018","GEO","GSE103892","8w","Mus musculus","CD1","WT","normal","normal","Control",NA,NA,"spinal cord","whole",NA,"scRNAseq","Drop-Seq","mRNA"
"10X43w3","10X43w3","adult_spine","Zeisel2018",NA,NA,"8w","Mus musculus","CD1","WT","normal","normal","normal",NA,NA,"spinal cord","whole",NA,"scRNAseq","10Xv3","mRNA"
"GSM4080376","GSM4080376","GW10C_01NC","Zhang2021","GEO","GSE136719","GW10","Homo sapiens",NA,NA,"normal","normal",NA,NA,NA,"spinal cord","cervical",NA,"snRNAseq","10Xv3","mRNA"
"GSM4080377","GSM4080377","GW10C_02","Zhang2021","GEO","GSE136719","GW10","Homo sapiens",NA,NA,"normal","normal",NA,NA,NA,"spinal cord","cervical",NA,"scRNAseq","10Xv3","mRNA"
"GSM4080378","GSM4080378","GW10C_02NC","Zhang2021","GEO","GSE136719","GW10","Homo sapiens",NA,NA,"normal","normal",NA,NA,NA,"spinal cord","cervical",NA,"snRNAseq","10Xv3","mRNA"
"GSM4080379","GSM4080379","GW10L_01NC","Zhang2021","GEO","GSE136719","GW10","Homo sapiens",NA,NA,"normal","normal",NA,NA,NA,"spinal cord","lumbar",NA,"snRNAseq","10Xv3","mRNA"
"GSM4080380","GSM4080380","GW10L_02","Zhang2021","GEO","GSE136719","GW10","Homo sapiens",NA,NA,"normal","normal",NA,NA,NA,"spinal cord","lumbar",NA,"scRNAseq","10Xv3","mRNA"
"GSM4080381","GSM4080381","GW10L_02NC","Zhang2021","GEO","GSE136719","GW10","Homo sapiens",NA,NA,"normal","normal",NA,NA,NA,"spinal cord","lumbar",NA,"snRNAseq","10Xv3","mRNA"
"GSM4080382","GSM4080382","GW10T_01NC","Zhang2021","GEO","GSE136719","GW10","Homo sapiens",NA,NA,"normal","normal",NA,NA,NA,"spinal cord","thoracic",NA,"snRNAseq","10Xv3","mRNA"
"GSM4080383","GSM4080383","GW10T_02","Zhang2021","GEO","GSE136719","GW10","Homo sapiens",NA,NA,"normal","normal",NA,NA,NA,"spinal cord","thoracic",NA,"scRNAseq","10Xv3","mRNA"
"GSM4080384","GSM4080384","GW10T_02NC","Zhang2021","GEO","GSE136719","GW10","Homo sapiens",NA,NA,"normal","normal",NA,NA,NA,"spinal cord","thoracic",NA,"snRNAseq","10Xv3","mRNA"
"GSM4080385","GSM4080385","GW11C","Zhang2021","GEO","GSE136719","GW11","Homo sapiens",NA,NA,"normal","normal",NA,NA,NA,"spinal cord","cervical",NA,"scRNAseq","10Xv3","mRNA"
"GSM4080386","GSM4080386","GW11C_NC","Zhang2021","GEO","GSE136719","GW11","Homo sapiens",NA,NA,"normal","normal",NA,NA,NA,"spinal cord","cervical",NA,"snRNAseq","10Xv3","mRNA"
"GSM4080387","GSM4080387","GW11L","Zhang2021","GEO","GSE136719","GW11","Homo sapiens",NA,NA,"normal","normal",NA,NA,NA,"spinal cord","lumbar",NA,"scRNAseq","10Xv3","mRNA"
"GSM4080388","GSM4080388","GW11L_NC","Zhang2021","GEO","GSE136719","GW11","Homo sapiens",NA,NA,"normal","normal",NA,NA,NA,"spinal cord","lumbar",NA,"snRNAseq","10Xv3","mRNA"
"GSM4080389","GSM4080389","GW11T","Zhang2021","GEO","GSE136719","GW11","Homo sapiens",NA,NA,"normal","normal",NA,NA,NA,"spinal cord","thoracic",NA,"scRNAseq","10Xv3","mRNA"
"GSM4080390","GSM4080390","GW11T_NC","Zhang2021","GEO","GSE136719","GW11","Homo sapiens",NA,NA,"normal","normal",NA,NA,NA,"spinal cord","thoracic",NA,"snRNAseq","10Xv3","mRNA"
"GSM4080391","GSM4080391","GW12C_01","Zhang2021","GEO","GSE136719","GW12","Homo sapiens",NA,NA,"normal","normal",NA,NA,NA,"spinal cord","cervical",NA,"scRNAseq","10Xv3","mRNA"
"GSM4080392","GSM4080392","GW12C_02","Zhang2021","GEO","GSE136719","GW12","Homo sapiens",NA,NA,"normal","normal",NA,NA,NA,"spinal cord","cervical",NA,"scRNAseq","10Xv3","mRNA"
"GSM4080393","GSM4080393","GW12L_02","Zhang2021","GEO","GSE136719","GW12","Homo sapiens",NA,NA,"normal","normal",NA,NA,NA,"spinal cord","lumbar",NA,"scRNAseq","10Xv3","mRNA"
"GSM4080394","GSM4080394","GW12T_01","Zhang2021","GEO","GSE136719","GW12","Homo sapiens",NA,NA,"normal","normal",NA,NA,NA,"spinal cord","thoracic",NA,"scRNAseq","10Xv3","mRNA"
"GSM4080395","GSM4080395","GW12T_02","Zhang2021","GEO","GSE136719","GW12","Homo sapiens",NA,NA,"normal","normal",NA,NA,NA,"spinal cord","thoracic",NA,"scRNAseq","10Xv3","mRNA"
"GSM4080396","GSM4080396","GW13C_01","Zhang2021","GEO","GSE136719","GW13","Homo sapiens",NA,NA,"normal","normal",NA,NA,NA,"spinal cord","cervical",NA,"scRNAseq","10Xv3","mRNA"
"GSM4080397","GSM4080397","GW13C_02","Zhang2021","GEO","GSE136719","GW13","Homo sapiens",NA,NA,"normal","normal",NA,NA,NA,"spinal cord","cervical",NA,"scRNAseq","10Xv3","mRNA"
"GSM4080398","GSM4080398","GW13L_02","Zhang2021","GEO","GSE136719","GW13","Homo sapiens",NA,NA,"normal","normal",NA,NA,NA,"spinal cord","lumbar",NA,"scRNAseq","10Xv3","mRNA"
"GSM4080399","GSM4080399","GW13T_01","Zhang2021","GEO","GSE136719","GW13","Homo sapiens",NA,NA,"normal","normal",NA,NA,NA,"spinal cord","thoracic",NA,"scRNAseq","10Xv3","mRNA"
"GSM4080400","GSM4080400","GW13T_02","Zhang2021","GEO","GSE136719","GW13","Homo sapiens",NA,NA,"normal","normal",NA,NA,NA,"spinal cord","thoracic",NA,"scRNAseq","10Xv3","mRNA"
"GSM4080401","GSM4080401","GW14C_NC","Zhang2021","GEO","GSE136719","GW14","Homo sapiens",NA,NA,"normal","normal",NA,NA,NA,"spinal cord","cervical",NA,"snRNAseq","10Xv3","mRNA"
"GSM4080402","GSM4080402","GW14L_NC","Zhang2021","GEO","GSE136719","GW14","Homo sapiens",NA,NA,"normal","normal",NA,NA,NA,"spinal cord","lumbar",NA,"snRNAseq","10Xv3","mRNA"
"GSM4080403","GSM4080403","GW14T_NC","Zhang2021","GEO","GSE136719","GW14","Homo sapiens",NA,NA,"normal","normal",NA,NA,NA,"spinal cord","thoracic",NA,"snRNAseq","10Xv3","mRNA"
"GSM4080404","GSM4080404","GW15C_01","Zhang2021","GEO","GSE136719","GW15","Homo sapiens",NA,NA,"normal","normal",NA,NA,NA,"spinal cord","cervical",NA,"scRNAseq","10Xv3","mRNA"
"GSM4080405","GSM4080405","GW15C_02","Zhang2021","GEO","GSE136719","GW15","Homo sapiens",NA,NA,"normal","normal",NA,NA,NA,"spinal cord","cervical",NA,"scRNAseq","10Xv3","mRNA"
"GSM4080406","GSM4080406","GW15L_01","Zhang2021","GEO","GSE136719","GW15","Homo sapiens",NA,NA,"normal","normal",NA,NA,NA,"spinal cord","lumbar",NA,"scRNAseq","10Xv3","mRNA"
"GSM4080407","GSM4080407","GW15L_02","Zhang2021","GEO","GSE136719","GW15","Homo sapiens",NA,NA,"normal","normal",NA,NA,NA,"spinal cord","lumbar",NA,"scRNAseq","10Xv3","mRNA"
"GSM4080408","GSM4080408","GW15T_01","Zhang2021","GEO","GSE136719","GW15","Homo sapiens",NA,NA,"normal","normal",NA,NA,NA,"spinal cord","thoracic",NA,"scRNAseq","10Xv3","mRNA"
"GSM4080409","GSM4080409","GW15T_02","Zhang2021","GEO","GSE136719","GW15","Homo sapiens",NA,NA,"normal","normal",NA,NA,NA,"spinal cord","thoracic",NA,"scRNAseq","10Xv3","mRNA"
"GSM4080410","GSM4080410","GW16C","Zhang2021","GEO","GSE136719","GW16","Homo sapiens",NA,NA,"normal","normal",NA,NA,NA,"spinal cord","cervical",NA,"scRNAseq","10Xv3","mRNA"
"GSM4080411","GSM4080411","GW16L","Zhang2021","GEO","GSE136719","GW16","Homo sapiens",NA,NA,"normal","normal",NA,NA,NA,"spinal cord","lumbar",NA,"scRNAseq","10Xv3","mRNA"
"GSM4080412","GSM4080412","GW16T","Zhang2021","GEO","GSE136719","GW16","Homo sapiens",NA,NA,"normal","normal",NA,NA,NA,"spinal cord","thoracic",NA,"scRNAseq","10Xv3","mRNA"
"GSM4080413","GSM4080413","GW17C_01","Zhang2021","GEO","GSE136719","GW17","Homo sapiens",NA,NA,"normal","normal",NA,NA,NA,"spinal cord","cervical",NA,"scRNAseq","10Xv3","mRNA"
"GSM4080414","GSM4080414","GW17C_02","Zhang2021","GEO","GSE136719","GW17","Homo sapiens",NA,NA,"normal","normal",NA,NA,NA,"spinal cord","cervical",NA,"scRNAseq","10Xv3","mRNA"
"GSM4080415","GSM4080415","GW17L_01","Zhang2021","GEO","GSE136719","GW17","Homo sapiens",NA,NA,"normal","normal",NA,NA,NA,"spinal cord","lumbar",NA,"scRNAseq","10Xv3","mRNA"
"GSM4080416","GSM4080416","GW17L_02","Zhang2021","GEO","GSE136719","GW17","Homo sapiens",NA,NA,"normal","normal",NA,NA,NA,"spinal cord","lumbar",NA,"scRNAseq","10Xv3","mRNA"
"GSM4080417","GSM4080417","GW17T_01","Zhang2021","GEO","GSE136719","GW17","Homo sapiens",NA,NA,"normal","normal",NA,NA,NA,"spinal cord","thoracic",NA,"scRNAseq","10Xv3","mRNA"
"GSM4080418","GSM4080418","GW17T_02","Zhang2021","GEO","GSE136719","GW17","Homo sapiens",NA,NA,"normal","normal",NA,NA,NA,"spinal cord","thoracic",NA,"scRNAseq","10Xv3","mRNA"
"GSM4080419","GSM4080419","GW18C_NC","Zhang2021","GEO","GSE136719","GW18","Homo sapiens",NA,NA,"normal","normal",NA,NA,NA,"spinal cord","cervical",NA,"snRNAseq","10Xv3","mRNA"
"GSM4080420","GSM4080420","GW18L_NC","Zhang2021","GEO","GSE136719","GW18","Homo sapiens",NA,NA,"normal","normal",NA,NA,NA,"spinal cord","lumbar",NA,"snRNAseq","10Xv3","mRNA"
"GSM4080421","GSM4080421","GW18T_NC","Zhang2021","GEO","GSE136719","GW18","Homo sapiens",NA,NA,"normal","normal",NA,NA,NA,"spinal cord","thoracic",NA,"snRNAseq","10Xv3","mRNA"
"GSM4080422","GSM4080422","GW19C","Zhang2021","GEO","GSE136719","GW19","Homo sapiens",NA,NA,"normal","normal",NA,NA,NA,"spinal cord","cervical",NA,"scRNAseq","10Xv3","mRNA"
"GSM4080423","GSM4080423","GW19L","Zhang2021","GEO","GSE136719","GW19","Homo sapiens",NA,NA,"normal","normal",NA,NA,NA,"spinal cord","lumbar",NA,"scRNAseq","10Xv3","mRNA"
"GSM4080424","GSM4080424","GW19T","Zhang2021","GEO","GSE136719","GW19","Homo sapiens",NA,NA,"normal","normal",NA,NA,NA,"spinal cord","thoracic",NA,"scRNAseq","10Xv3","mRNA"
"GSM4080425","GSM4080425","GW20C_01","Zhang2021","GEO","GSE136719","GW20","Homo sapiens",NA,NA,"normal","normal",NA,NA,NA,"spinal cord","cervical",NA,"scRNAseq","10Xv3","mRNA"
"GSM4080426","GSM4080426","GW20C_02","Zhang2021","GEO","GSE136719","GW20","Homo sapiens",NA,NA,"normal","normal",NA,NA,NA,"spinal cord","cervical",NA,"scRNAseq","10Xv3","mRNA"
"GSM4080427","GSM4080427","GW20C_NC","Zhang2021","GEO","GSE136719","GW20","Homo sapiens",NA,NA,"normal","normal",NA,NA,NA,"spinal cord","cervical",NA,"snRNAseq","10Xv3","mRNA"
"GSM4080428","GSM4080428","GW20L_02","Zhang2021","GEO","GSE136719","GW20","Homo sapiens",NA,NA,"normal","normal",NA,NA,NA,"spinal cord","lumbar",NA,"scRNAseq","10Xv3","mRNA"
"GSM4080429","GSM4080429","GW20L_NC","Zhang2021","GEO","GSE136719","GW20","Homo sapiens",NA,NA,"normal","normal",NA,NA,NA,"spinal cord","lumbar",NA,"snRNAseq","10Xv3","mRNA"
"GSM4080430","GSM4080430","GW20T_01","Zhang2021","GEO","GSE136719","GW20","Homo sapiens",NA,NA,"normal","normal",NA,NA,NA,"spinal cord","thoracic",NA,"scRNAseq","10Xv3","mRNA"
"GSM4080431","GSM4080431","GW20T_02","Zhang2021","GEO","GSE136719","GW20","Homo sapiens",NA,NA,"normal","normal",NA,NA,NA,"spinal cord","thoracic",NA,"scRNAseq","10Xv3","mRNA"
"GSM4080432","GSM4080432","GW20T_NC","Zhang2021","GEO","GSE136719","GW20","Homo sapiens",NA,NA,"normal","normal",NA,NA,NA,"spinal cord","thoracic",NA,"snRNAseq","10Xv3","mRNA"
"GSM4080433","GSM4080433","GW21C_NC","Zhang2021","GEO","GSE136719","GW21","Homo sapiens",NA,NA,"normal","normal",NA,NA,NA,"spinal cord","cervical",NA,"snRNAseq","10Xv3","mRNA"
"GSM4080434","GSM4080434","GW21L_NC","Zhang2021","GEO","GSE136719","GW21","Homo sapiens",NA,NA,"normal","normal",NA,NA,NA,"spinal cord","lumbar",NA,"snRNAseq","10Xv3","mRNA"
"GSM4080435","GSM4080435","GW21T_NC","Zhang2021","GEO","GSE136719","GW21","Homo sapiens",NA,NA,"normal","normal",NA,NA,NA,"spinal cord","thoracic",NA,"snRNAseq","10Xv3","mRNA"
"GSM4080436","GSM4080436","GW22C","Zhang2021","GEO","GSE136719","GW22","Homo sapiens",NA,NA,"normal","normal",NA,NA,NA,"spinal cord","cervical",NA,"scRNAseq","10Xv3","mRNA"
"GSM4080437","GSM4080437","GW22L","Zhang2021","GEO","GSE136719","GW22","Homo sapiens",NA,NA,"normal","normal",NA,NA,NA,"spinal cord","lumbar",NA,"scRNAseq","10Xv3","mRNA"
"GSM4080438","GSM4080438","GW22T","Zhang2021","GEO","GSE136719","GW22","Homo sapiens",NA,NA,"normal","normal",NA,NA,NA,"spinal cord","thoracic",NA,"scRNAseq","10Xv3","mRNA"
"GSM4080439","GSM4080439","GW23S","Zhang2021","GEO","GSE136719","GW23","Homo sapiens",NA,NA,"normal","normal",NA,NA,NA,"spinal cord","whole",NA,"scRNAseq","10Xv3","mRNA"
"GSM4080440","GSM4080440","GW23S_NC","Zhang2021","GEO","GSE136719","GW23","Homo sapiens",NA,NA,"normal","normal",NA,NA,NA,"spinal cord","whole",NA,"snRNAseq","10Xv3","mRNA"
"GSM4080441","GSM4080441","GW24C","Zhang2021","GEO","GSE136719","GW24","Homo sapiens",NA,NA,"normal","normal",NA,NA,NA,"spinal cord","cervical",NA,"scRNAseq","10Xv3","mRNA"
"GSM4080442","GSM4080442","GW24L","Zhang2021","GEO","GSE136719","GW24","Homo sapiens",NA,NA,"normal","normal",NA,NA,NA,"spinal cord","lumbar",NA,"scRNAseq","10Xv3","mRNA"
"GSM4080443","GSM4080443","GW24T","Zhang2021","GEO","GSE136719","GW24","Homo sapiens",NA,NA,"normal","normal",NA,NA,NA,"spinal cord","thoracic",NA,"scRNAseq","10Xv3","mRNA"
"GSM4080444","GSM4080444","GW25C","Zhang2021","GEO","GSE136719","GW25","Homo sapiens",NA,NA,"normal","normal",NA,NA,NA,"spinal cord","cervical",NA,"scRNAseq","10Xv3","mRNA"
"GSM4080445","GSM4080445","GW25T","Zhang2021","GEO","GSE136719","GW25","Homo sapiens",NA,NA,"normal","normal",NA,NA,NA,"spinal cord","thoracic",NA,"scRNAseq","10Xv3","mRNA"
"GSM4080446","GSM4080446","GW7S","Zhang2021","GEO","GSE136719","GW7","Homo sapiens",NA,NA,"normal","normal",NA,NA,NA,"spinal cord","whole",NA,"scRNAseq","10Xv3","mRNA"
"GSM4080447","GSM4080447","GW7S_NC","Zhang2021","GEO","GSE136719","GW7","Homo sapiens",NA,NA,"normal","normal",NA,NA,NA,"spinal cord","whole",NA,"snRNAseq","10Xv3","mRNA"
"GSM4080448","GSM4080448","GW8C_01","Zhang2021","GEO","GSE136719","GW8","Homo sapiens",NA,NA,"normal","normal",NA,NA,NA,"spinal cord","cervical",NA,"scRNAseq","10Xv3","mRNA"
"GSM4080449","GSM4080449","GW8L_01","Zhang2021","GEO","GSE136719","GW8","Homo sapiens",NA,NA,"normal","normal",NA,NA,NA,"spinal cord","lumbar",NA,"scRNAseq","10Xv3","mRNA"
"GSM4080450","GSM4080450","GW8S_02","Zhang2021","GEO","GSE136719","GW8","Homo sapiens",NA,NA,"normal","normal",NA,NA,NA,"spinal cord","whole",NA,"scRNAseq","10Xv3","mRNA"
"GSM4080451","GSM4080451","GW8S_02NC","Zhang2021","GEO","GSE136719","GW8","Homo sapiens",NA,NA,"normal","normal",NA,NA,NA,"spinal cord","whole",NA,"snRNAseq","10Xv3","mRNA"
"GSM4080452","GSM4080452","GW9C","Zhang2021","GEO","GSE136719","GW9","Homo sapiens",NA,NA,"normal","normal",NA,NA,NA,"spinal cord","cervical",NA,"scRNAseq","10Xv3","mRNA"
"GSM4080453","GSM4080453","GW9T","Zhang2021","GEO","GSE136719","GW9","Homo sapiens",NA,NA,"normal","normal",NA,NA,NA,"spinal cord","thoracic",NA,"scRNAseq","10Xv3","mRNA"
